Period,Principal Due,Interest Due,Total,Recoveries,Balance
1,309835.7972660266,392819.1071587327,702654.9044247593,0,28044538.520483937
2,314102.5648280346,388552.3395967235,702654.9044247582,0,27730435.955655944
3,318428.8563695992,384226.0480551595,702654.9044247586,0,27412007.099286284
4,322517.6230476928,379597.8541500271,702115.47719772,11492.51846873867,27067237.329890396
5,326962.263597828,375153.2135998912,702115.4771977193,0,26740275.06629255
6,331468.9517586502,370646.52543906984,702115.47719772,0,26408806.11453387
7,335860.4237953447,365871.10963847634,701731.533433821,7139.508396131061,26057504.373146873
8,340491.47655514436,361240.056878676,701731.5334338204,0,25717012.896591738
9,344980.478824775,356378.74263350765,701359.2214582827,7938.947319044973,25358042.402388975
10,349739.36937410285,351619.8520841814,701359.2214582842,0,25008303.033014826
11,354272.44276915345,346545.39926574676,700817.8420349002,8959.800350009566,24637585.207774457
12,359160.84428022726,341656.9977546722,700817.8420348994,0,24278424.36349426
13,363798.2723718509,336456.54352212476,700254.8158939757,10873.019088922216,23895410.99942821
14,368671.5377402924,331264.7472971885,699936.2850374809,6214.391881563005,23515677.096551165
15,372763.1091266002,325291.35958501557,698054.4687116158,38189.94110214662,23077465.13430399
16,377910.6588141257,320143.8098974901,698054.4687116158,0,22699554.47548986
17,382968.20704246033,314792.8983476659,697761.1053901262,7420.519077031942,22304484.610919196
18,387820.54602720146,308992.62255425664,696813.168581458,19440.651937768107,21881942.185496323
19,392516.9040218955,303033.4538342399,695550.3578561353,27080.734643697917,21444329.025365207
20,397941.55793866055,297608.79991747526,695550.3578561358,0,21046387.4674266
21,402582.05489905656,291576.13905932393,694158.1939583805,28767.82587473128,20599884.2100079
22,407927.92693132255,285866.6809669704,693794.607898293,7699.437998710634,20178845.37516212
23,413570.6473581382,280223.9605401547,693794.6078982928,0,19765274.727803968
24,418772.7541895985,274090.4241067157,692863.1782963142,17505.33078450577,19319215.26705109
25,424209.9453592969,268062.9403606711,692272.885719968,12154.600462441524,18878425.96230998
26,429240.0938477614,261600.43777787985,690840.5316256413,26590.289019446172,18410009.133948892
27,435180.1949297051,255660.33669593566,690840.5316256408,0,17974828.93901916
28,441203.55103138287,249636.98059425753,690840.5316256403,0,17533625.38798778
29,447311.3433852432,243529.18824039694,690840.5316256401,0,17086314.044602577
30,453245.92917503556,237243.46475608766,690489.3939311232,17053.78428789689,16626758.557168495
31,459522.4194549967,230966.9744761264,690489.3939311231,0,16167236.13771353
32,465432.8930618732,224366.17235844585,689799.0654203191,13353.04143945729,15684826.78112393
33,471516.3791968733,217823.9375357931,689340.3167326665,9242.95217025709,15204758.310995976
34,477710.5812538253,211107.22480963005,688817.8060634553,8781.847736508747,14715677.15145287
35,483090.8312440002,204029.93310013445,687120.7643441346,34041.82357744578,14196312.309648974
36,489788.06668462773,197332.69765950803,687120.7643441358,0,13706524.242964385
37,495211.3431824587,190016.30901701143,685227.6521994702,37735.07208085396,13170376.249320611
38,501352.5392515955,182943.8592989585,684296.398550554,15563.513509599776,12655098.561856069
39,507548.2800828359,175674.2445813106,683222.5246641465,23300.0275114333,12121870.287546927
40,514591.18868575286,168631.33597839507,683222.524664148,0,11607279.098861206
41,521482.1747020627,161444.7490188116,682926.9237208742,5204.700560882639,11082547.583672883
42,528720.9822474463,154205.94147342764,682926.9237208739,0,10553826.60142543
43,536061.5496645808,146865.37405629313,682926.923720874,0,10017765.051760856
44,543505.324872131,139421.59884874307,682926.9237208741,0,9474259.726888683
45,550375.0929712871,131801.4701458325,682176.5631171196,14241.328837847337,8917890.84001286
46,558021.276461083,124155.2866560346,682176.5631171176,0,8359869.563551798
47,565245.5676816923,116330.35704873492,681575.9247304272,11190.34481913191,7789016.470684705
48,572126.6763440316,108380.46275950929,680507.1391035409,19195.018032549866,7209644.767194513
49,580081.2181492752,100425.92095426693,680507.1391035421,0,6629563.549045257
50,587507.5848486997,92226.57394436086,679734.1587930606,15092.009053515341,6032171.137571167
51,547576.3175165437,84055.3572787209,631631.6747952646,0,5484594.820054632
52,538609.2010868905,76299.97344469295,614909.1745315834,14110.639088025322,4936244.317726515
53,523111.44068879366,68744.77883321214,591856.2195220058,8559.161926799661,4408666.564448879
54,504570.6392036306,61459.097343741734,566029.7365473723,8542.055788592983,3904095.9252452445
55,479400.7482962622,54393.80674433022,533794.5550405924,26550.52579394115,3422468.19819471
56,453992.34048171144,47587.96527425572,501580.30575596716,19549.610317679202,2958461.9792447085
57,429125.76806936925,41257.17645802733,470382.9445273966,0,2529336.2111753426
58,390824.50616551033,35209.28991127704,426033.7960767874,10245.960957175756,2133472.5815841965
59,354537.6099017151,29764.4305619975,384302.04046371265,0,1778934.9716824794
60,321798.9280559967,24801.564840351297,346600.492896348,11197.569694752228,1454856.1490967043
61,277997.7469317201,20317.22777321213,298314.97470493225,13652.11629550449,1176858.402164986
62,233232.14202993608,16422.56180758143,249654.7038375175,44007.4188895728,942200.3773485029
63,194745.12758190205,13117.90764213189,207863.03522403393,27199.317722239386,743438.1375707428
64,170315.42906780733,10403.803681868927,180719.23274967624,25351.375267231866,573122.7085029332
65,137481.8929332848,8020.81892806654,145502.71186135136,35802.85922275203,435496.1699221334
66,118014.27773527667,6097.797745071375,124112.07548034805,19373.175496982683,317481.89218685665
67,97333.20119052306,4452.191571428798,101785.39276195187,36706.85553621457,220148.6909963336
68,78431.18151683164,3090.9833581166213,81522.16487494826,28731.08899052455,141717.50947950227
69,57372.49871137675,1963.0996142153242,59335.59832559207,29581.416434941544,82479.62891172056
70,49303.995345492,1156.615326341623,50460.61067183362,22565.36081357856,33175.63356622853
71,33175.63356622843,463.6284265312761,33639.26199275971,56494.95212275276,1.964508555829525e-10
72,-2.887381801883748e-12,2.887381801883748e-12,0.0,36859.18635253495,0
